authors,year,exposure_type,epigenetic_marker,epigenetic_effect_size,population_size,country,pmid
Castano JP; Dattani MT; Grozinsky-Glasberg S; Karavitaki N; Pavel ME; Andoniadou C; Alexandraki K; Capatina C; Cerbone M; Ferone D; Gan HW; Hofland J; Hofland LJ; Ibanez-Costa A; Ilie MD; Isidori AM; Korbonits M; Kos-Kudła B; Maghnie M; Mantovani G; Marazuela M; Raverot G; Scarpa A; Schilbach K; Theodoropoulou M; van Santen HM; Zatelli MC,2025,nutritional,Other epigenetic marker,0.3,200,Unspecified,41104469
Eroglu B; Eichelmann F; Kuxhaus O; Kipp AP; Schwerdtle T; Haase H; Schomburg L; Schulze MB,2025,nutritional,DNA methylation,0.95,1030,Unspecified,41102856
Liu M; Song Y; Kang Y; Xue N; Zhao J; Jin Y; Liu C; Wang B,2025,nutritional,Other epigenetic marker,0.3,200,Unspecified,41098715
Shimogama T; Tahara T; Shijimaya T; Yamazaki J; Kobayashi S; Nakamura N; Takahashi Y; Tomiyama T; Honzawa Y; Fukui T; Naganuma M,2025,nutritional,DNA methylation,0.3,200,Unspecified,41035034
Tuminello S; Ashebir YA; Schroff C; Ramaswami S; Durmus N; Chen Y; Snuderl M; Shao Y; Reibman J; Arslan AA,2025,behavioural,DNA methylation,0.3,200,Unspecified,41028045
Sengupta A; Vinayagamurthy S; Soni D; Deb R; Mukherjee AK; Dutta S; Jaiswal J; Yadav M; Sharma S; Bagri S; Roy SS; Poonia P; Singh A; Khanna D; Bhatt AKK; Sharma A; Saurav S; Motiani RK; Chowdhury S,2025,behavioural,DNA methylation,0.3,200,Unspecified,41026782
Michailidis TM; Corveleyn L; Almey R; Bader Y; Odongo GA; Herceg Z; Khoueiry R; Saeger S; Boevre M; Dhaenens M,2025,nutritional,DNA methylation,0.3,200,Unspecified,41016387
Charmanna SO; Karunakara SH; Srinivasa S; Panchakshari PM; Prakash M; Mehtani R; Kumar DP; Santhekadur PK,2025,nutritional,miRNA,0.9,200,Unspecified,40961678
Jeon MS; Ding Z; Pei C; Li J; Xie L; Sauter E; Zhang KK,2025,nutritional,DNA methylation,0.3,200,Unspecified,40943642
Costantino S; Mohammed S; Mengozzi A; Duranti E; Delfine V; Geiger MA; Hamdani N; Taddei S; Masi S; Virdis A; Paneni F,2025,nutritional,Histone modification,0.3,200,Unspecified,40924347
Trujano-Camacho S; Pulido-Capiz Á; García-González V; López-Urrutia E; Pérez-Plasencia C,2025,nutritional,lncRNA,0.3,200,Unspecified,40869316
Yuan T; Tagscherer KE; Roth W; Bewerunge-Hudler M; Brobeil A; Kloor M; Bläker H; Brenner H; Hoffmeister M,2025,nutritional,DNA methylation,0.95,1757,Unspecified,40827617
Waqas A; Tripathi A; Ahmed S; Mukund A; Farooq H; Johnson JO; Stewart PA; Naeini M; Schabath MB; Rasool G,2025,nutritional,DNA methylation,0.998,200,Unspecified,40806487
Mäki-Nevala S; Kauppinen A; Olkinuora A; Laiho A; Törönen P; Renkonen-Sinisalo L; Lepistö A; Seppälä TT; Mecklin JP; Peltomäki P,2025,nutritional,DNA methylation,0.3,200,Unspecified,40753397
Vrana E; Timmins H; Osborne A; Cox R; Wasan H; Ma YT; Arora A; Faluyi O; Gillmore R; Corrie P; Miller P; Arif S; Canham J; Martin C; Riaz M; Shi T; Frizziero M; Foy V; Hubner RA; Morement H; Bridgewater J; Adams R; Valle JW; McNamara MG,2025,nutritional,Other epigenetic marker,0.3,200,Unspecified,40728861
Tsuboi Y; Yamada H; Fujii R; Yamazaki M; Munetsuna E; Ando Y; Mizuno G; Hattori Y; Okumiyama H; Murakami K; Ishikawa H; Ohashi K; Suzuki K,2025,behavioural,DNA methylation,0.3,795,Unspecified,40728511
Ren Y; Qin F; Shen L; Li L; Wu Q; Yi P,2025,nutritional,DNA methylation,0.95,200,Unspecified,40707893
Sutter C; Helbling D; Haas C; Neubauer J,2025,behavioural,DNA methylation,0.3,100,Unspecified,40689873
Tălăngescu A; Bratei AA; Tizu M; Calenic B; Constantinescu AE; Constantinescu I,2025,nutritional,Other epigenetic marker,0.3,204,Unspecified,40663089
Jung SY; Pellegrini M; Tan X; Yu H,2025,nutritional,DNA methylation,0.3,200,Unspecified,40632935
Li P; Zhu J; Wang S; Zhuang H; Zhang S; Huang Z; Cai F; Song Z; Liu Y; Liu W; Freidel S; Wang S; Schwarz E; Chen J,2025,nutritional,DNA methylation,0.3,615,Unspecified,40616903
Crujeiras AB; Martínez-Climent JÁ; Burgos M,2025,nutritional,Other epigenetic marker,0.3,200,Unspecified,40614037
Yuan T; Tagscherer KE; Roth W; Bewerunge-Hudler M; Brobeil A; Kloor M; Bläker H; Brenner H; Hoffmeister M,2025,behavioural,DNA methylation,0.3,2273,Unspecified,40611182
Alva V; Jain P; Khan K; Zameer F; Kumar P P; Prashanth Kv H; Gopal S; Niranjan V; Sahu B; H R; Av R; Hl R; Apturkar K D,2025,nutritional,miRNA,0.3,200,Unspecified,40609769
Nong J; Wang Y; Zhang Y,2025,nutritional,DNA methylation,0.95,529,Unspecified,40524240
You Q; Wu G; Li H; Liu J; Cao F; Ding L; Liang F; Zhou B; Ma L; Zhu L; Wang C; Yang Y; Chen X,2025,nutritional,Other epigenetic marker,0.3,200,Unspecified,40523938
Jiang Z; Runkel A; Lindh C; Kukka A; Catalán J; Pineda D; Lundh T; Vogel U; Saber AT; Tondel M; Engfeldt M; Krais AM; Broberg K; SafeChrom Project Team,2025,nutritional,DNA methylation,0.3,200,Unspecified,40516896
Chen XL; Zhao QQ; Lin SR; He XL; Zhang XJ; Li SJ; Li ZR; Chen JH; Zhang H; Li XF; Zhou YH; Liao HL; Sun SN; Yang ZQ; Ni SH; Lu L,2025,nutritional,Epigenetic aging,0.6358,200,Unspecified,40505553
Oliveira EA; Milite S; Fernandez-Mateos J; Cresswell GD; Yara-Romero E; Vlachogiannis G; Chen B; James CT; Patruno L; Ascolani G; Acar A; Heide T; Spiteri I; Graudenzi A; Caravagna G; Bertotti A; Graham TA; Magnani L; Valeri N; Sottoriva A,2025,nutritional,Other epigenetic marker,0.3,200,Unspecified,40499006
Pan JH; Kim JK; Lee K; Le BL; Lee JA; Trudo SP,2025,nutritional,Other epigenetic marker,0.3,25,Unspecified,40467247
Li J; Wang S,2025,nutritional,DNA methylation,0.95,83,Unspecified,40435135
Esparza M; El Zahed SS; Karakus U; Niederstrasser H; Gao B; Batten K; Shay JW; Posner B; Hirsch FR; Girard L; Huang LJ-s; Minna J; García-Sastre A; Fontoura BMA,2025,nutritional,Other epigenetic marker,0.3,200,Unspecified,40434103
Sen U,2025,nutritional,Other epigenetic marker,0.3,200,Unspecified,40409520
Thakur R; Xu M; Sowards H; Yon J; Jessop L; Myers T; Zhang T; Chari R; Long E; Rehling T; Hennessey R; Funderburk K; Yin J; Machiela MJ; Johnson ME; Wells AD; Chesi A; Grant SFA; Iles MM; Landi MT; Law MH; Melanoma Meta-Analysis Consortium; Choi J; Brown KM,2025,nutritional,DNA methylation,0.3,200,Unspecified,40409268
Philibert R; Beach SRH; Mills JA; Dawes K; Hoffman RM; Sieren JC; Froehlich EM; deBlois KM; Long JD,2025,nutritional,DNA methylation,0.3,92,Unspecified,40402951
Zhou S; Yu L; Zhao J; Xiao Q; Sun J; Wang L; Zhou Y; Lu Y; Dunlop MG; Theodoratou E; Zhang H; Ding K; Li X,2025,nutritional,DNA methylation,0.3,200,Unspecified,40301858
Chen CH; Chen CC; Chen XX; Chang WS; Tsai CW; Mong MC; Hsu SW; Bau DT,2025,nutritional,DNA methylation,0.95,52,Unspecified,40295056
Sunnetci-Akkoyunlu D; Ugurtas C; Kulcu-Sarikaya N; Ozer T; Cine N; Eren-Keskin S; Kanli A; Savli H,2025,nutritional,miRNA,0.3,200,Unspecified,40294979
Frankhouser DE; DeWees T; Snodgrass IF; Cole RM; Steck S; Thomas D; Kalu C; Belury MA; Clinton SK; Newman JW; Yee LD,2025,nutritional,DNA methylation,0.95,51,Unspecified,40288580
Lin CH; Hung PH; Chang CH; Chang H; Chung MC; Chang WC; Chung CJ,2025,behavioural,DNA methylation,0.3,200,Unspecified,40285850
Chigvinadze N; Pantsulaia I; Lejava T; Aladashvili A; Atamashvili T; Khvichia N; Rekhviashvili K,2025,behavioural,Other epigenetic marker,0.3,40,Unspecified,40281443
Bourassa KJ; Anderson L; Woolson S; Dennis PA; Garrett ME; Hair L; Dennis M; Sugden K; Williams B; Houts R; Calhoun PS; Naylor JC; Ashley-Koch AE; Beckham JC; Caspi A; Taylor GA; Hall KS; Moffitt TE; Kimbrel NA,2025,behavioural,Other epigenetic marker,0.95,200,Unspecified,40259495
Conner R; Porter C; Lutrick K; Beitel SC; Hollister J; Healy O; Kern KJ; Wardenaar F; Gulotta JJ; Jack K; Huentelman M; Burgess JL; Furlong M,2025,nutritional,Epigenetic aging,0.3,200,Unspecified,40239196
Trujillo-Fernández YGV; Rodríguez-Torres DE; Tovar-Jácome CJ; Barros-Núñez P; Godínez-Rodríguez MY; Pérez-Bojórquez PJ; Flores-Martínez LA; Pineda-Razo TD; Marín-Contreras ME; Alcaraz-Wong AA; Mariscal-Ramirez I; Rosales-Reynoso MA,2025,behavioural,miRNA,0.95,557,Unspecified,40235333
Niu S; Ma J; Liu S; Li Y; Yue X; Pan M; Song L; Wu Y; Yang Z; Tan Y; Gu L; Wang C; Chang J,2025,nutritional,Chromatin remodeling,0.2,200,Unspecified,40228145
Huang H; Ding C; Zhao WH; Zhang HB; Zhao ZX; Li XG; Wang YJ; Chen PJ; Li BS; Li XB; Li YW; Liu HY; Chen J,2025,behavioural,Chromatin remodeling,0.3,200,Unspecified,40169782
Lorenzo PM; Izquierdo AG; Rodriguez-Carnero G; Costa-Fraga N; Díaz-Lagares A; Porca C; de Luis D; Tejera C; De Paz L; Cueva J; Bellido D; Crujeiras AB,2025,nutritional,DNA methylation,0.3,10,Unspecified,40140215
Nirgude S; Tichy ED; Liu Z; Kavari SL; Pradieu RD; Byrne M; Yang F; Gil-de-Gómez L; Mamou B; Bernt KM; Yang W; MacFarland S; Xie M; Kalish JM,2025,nutritional,DNA methylation,0.3,200,Unspecified,40133415
Neves Rebello Alves L; Merigueti LP; Casotti MC; Cancian de Araújo B; Silva Dos Reis Trabach R; Batitucci MDCP; Meira DD; de Paula F; de Vargas Wolfgramm Dos Santos E; Louro ID,2025,nutritional,Other epigenetic marker,0.3,200,Unspecified,40122508
Hotoboc IE; Fudulu A; Huica I; Iancu IV; Grigore R; Bertesteanu ȘVG; Bleotu C; Anton G; Botezatu A,2025,nutritional,DNA methylation,0.3,24,Unspecified,40116629
Mendy A; Mersha TB,2025,nutritional,Epigenetic aging,0.3,2105,Unspecified,40095187
Pragasam AK; Maurya S; Jain K; Pal S; Raja C; Yadav R; Kumar S; Purohit A; Pradhan D; Kajal K; Talukdar D; Singh AN; Verma J; Jana P; Rawat S; Kshetrapal P; Krishna A; Kumar S; Bansal VK; Das B; Srikanth CV; Garg PK,2025,nutritional,Other epigenetic marker,0.3,200,Unspecified,40074067
Das S; Thakur S; Cahais V; Virard F; Claeys L; Renard C; Cuenin C; Cros MP; Keïta S; Venuti A; Sirand C; Ghantous A; Herceg Z; Korenjak M; Zavadil J,2025,behavioural,DNA methylation,0.3,200,Unspecified,40056068
Ma Z; Zhu J; Chen M; Wu G; Liu X; Hu Z; Feng Y; Wang X; Liu F,2025,nutritional,DNA methylation,0.3,200,Unspecified,40052233
Jiang R; Gao MZ; Chen M; Weatherspoon DJ; Watts TL; Osazuwa-Peters N,2025,behavioural,DNA methylation,0.8,511,Unspecified,40048195
Rodríguez-Lloveras H; Zafon C; Iglesias C; Marcos-Ruiz J; Gil J; Rueda-Pujol A; González L; Mayor R; Klein Hesselink EN; van Hemel BM; Carrato C; Perelló-Fabregat C; Hernández-Losa J; Somoza R; Pluvinet R; Sánchez-Herrero JF; Sumoy L; Seoane J; Riesco-Eizaguirre G; Montero-Conde C; Robledo M; Hernando J; Capdevila J; Reverter JL; Puig-Domingo M; Links TP; Jordà M,2025,nutritional,DNA methylation,0.14,200,Unspecified,40045915
Fadhil R; Good D; Wei MQ,2025,nutritional,DNA methylation,0.1,200,Unspecified,40022700
Tao B; Wang Z; Wang X; Song A; Liu J; Wang J; Zhang Q; Chen Z; Wang Z; Xu W; Sun M; Wang Y; Zhang P; Xu T; Wei GH; Chen FX; Wang M,2025,nutritional,Other epigenetic marker,0.3,117,Unspecified,39998882
Lorenzo PM; Izquierdo AG; Sajoux I; Nuñez-Garcia M; Gomez-Arbelaez D; Zulet MA; Abete I; Baltar J; de Luis D; Tinahones FJ; Martinez JA; Casanueva FF; Crujeiras AB,2025,nutritional,DNA methylation,0.3,20,Unspecified,39986176
Li J; Liu X; Tran TT; Lee M; Tsai RYL,2025,nutritional,DNA methylation,0.3,200,Unspecified,39982030
Khulan B; Ye K; Shi MK; Waldman S; Marsh A; Siddiqui T; Okorozo A; Desai A; Patel D; Dobkin J; Sadoughi A; Shah C; Gera S; Peter Y; Liao W; Vijg J; Spivack SD,2025,behavioural,DNA methylation,0.96,200,Unspecified,39980243
Mirra D; Esposito R; Spaziano G; Rafaniello C; Panico F; Squillante A; Falciani M; Abrego-Guandique DM; Caiazzo E; Gallelli L; Cione E; D'Agostino B,2025,nutritional,miRNA,0.3,200,Unspecified,39941045
Brane A; Sutko M; Tollefsbol TO,2025,nutritional,DNA methylation,0.25,200,Unspecified,39940977
Laun SE; Kann L; Braun J; Pierre F; Kim S; Gilbert S; Lunz D; Kalra A; Ma K; Cheng Y; Leggett CL; Zaidi AH; Omstead AN; Korman L; Jobe B; Perpetua L; Greenwald BD; Maddala T; Meltzer SJ,2025,nutritional,DNA methylation,0.81,11,Unspecified,39933887
Sun C; Liu S; Lau JW; Yang H; Chen Y; Xing B,2025,nutritional,Other epigenetic marker,0.3,200,Unspecified,39932237
Freitas-Cortez MA; Masrorpour F; Jiang H; Mahmud I; Lu Y; Huang A; Duong LK; Wang Q; Voss TA; Kettlun Leyton CS; Wei B; Chan WK; Lin K; Zhang J; Tsouko E; Ganjoo S; Barsoumian HB; Riad TS; Hu Y; Leuschner C; Puebla-Osorio N; Wang J; Hu J; Davies MA; Puduvalli VK; Billon C; Burris TP; Lorenzi PL; Gan B; Welsh JW,2025,nutritional,Other epigenetic marker,0.3,200,Unspecified,39901247
Ulhe A; Raina P; Chaudhary A; Kaul-Ghanekar R,2025,nutritional,DNA methylation,0.3,200,Unspecified,39895102
Gujaran TV; Easwaran VB; Sankhe R; Bakthavatchalam P; Dsouza HS; Pai KSR,2025,nutritional,Other epigenetic marker,0.3,200,Unspecified,39866236
Fu J; Ni Y; Hu Y; Tang W; Fu J; Wang Y; Yu S; Xu W,2025,nutritional,Histone modification,0.3,200,Unspecified,39835657
Badameh P; Akhlaghi Tabar F; Mohammadipoor N; Rezaei R; Ranjkesh R; Maleki MH; Vakili O; Shafiee SM,2025,nutritional,Other epigenetic marker,0.3,200,Unspecified,39833322
Arlen MT; Patterson SJ; Page MK; Liu R; Caruana V; Wilson ET; Laporte SA; Goniewicz ML; Harris CS; Eidelman DH; Baglole CJ,2025,behavioural,DNA hydroxymethylation,0.3,200,Unspecified,39823205
Tse AY; Spakowitz AJ,2025,behavioural,DNA methylation,0.3,200,Unspecified,39792289
Kadariya Y; Sementino E; Hua X; Kappes DJ; Testa JR,2025,nutritional,Other epigenetic marker,0.1,200,Unspecified,39791266
Nshanian M; Gruber JJ; Geller BS; Chleilat F; Lancaster SM; White SM; Alexandrova L; Camarillo JM; Kelleher NL; Zhao Y; Snyder MP,2025,nutritional,Histone modification,0.3,200,Unspecified,39789354
Devall MA; Eaton S; Hu G; Sun X; Jakum E; Venkatesh S; Powell SM; Yoshida C; Weisenberger DJ; Cooper GS; Willis J; Ebrahim S; Zoellner J; Casey G; Li L,2025,nutritional,DNA methylation,0.5,79,Unspecified,39788295
Modanwal S; Mishra A; Mishra N,2025,behavioural,Other epigenetic marker,0.3,200,Unspecified,39754971
He L; Zhang B; Zhou C; Zhao Q; Wang Y; Fang Y; Hu Z; Lv P; Miao L; Yang R; Yang J,2025,nutritional,DNA methylation,0.3,210,Unspecified,39705824
Zhang Y; Wang Y; Qian H,2024,nutritional,DNA methylation,0.3,200,Unspecified,39669580
Messina G; Natale G; Fiorelli A; Puca MA; Moscatelli F; Monda V; Monda M; Di Domenico M; Corte CMD; Marsala G; Vicario G; Dalia C; Bassi P; Leonardi B; De Maria A; Monda A; Messina G; Messina A; Polito R,2025,nutritional,Other epigenetic marker,0.3,30,Unspecified,39652453
Jung SY; Yu H; Deng Y; Pellegrini M,2024,behavioural,DNA methylation,0.3,200,Unspecified,39642870
Zhuang X; Wang Q; Joost S; Ferrena A; Humphreys DT; Li Z; Blum M; Krause K; Ding S; Landais Y; Zhan Y; Zhao Y; Chaligne R; Lee JH; Carrasco SE; Bhanot UK; Koche RP; Bott MJ; Katajisto P; Soto-Feliciano YM; Pisanic T; Thomas T; Zheng D; Wong ES; Tammela T,2025,nutritional,DNA methylation,0.3,200,Unspecified,39633048
Mohammed Ismail W; Fernandez JA; Binder M; Lasho TL; Kim M; Geyer SM; Mazzone A; Finke CM; Mangaonkar AA; Lee JH; Wang L; Kim KH; Simon VA; Rakhshan Rohakthar F; Munankarmy A; Byeon SK; Schwager SM; Harrington JJ; Snyder MR; Robertson KD; Pandey A; Wieben ED; Chia N; Gaspar-Maia A; Patnaik MM,2025,nutritional,Chromatin remodeling,0.3,200,Unspecified,39631069
Zhao Z; Bhardwaj M; Fan Z; Li X; Schrotz-King P; Brenner H,2025,behavioural,DNA methylation,0.95,736,Unspecified,39624886
Wang B; Zhang Y; Liu J; Deng B; Li Q; Liu H; Sui Y; Wang N; Xiao Q; Liu W; Chen Y; Li Y; Jia H; Yuan Q; Wang C; Pan W; Li F; Yang H; Wang Y; Ding Y; Xu D; Liu R; Fang JY; Wu J,2024,nutritional,DNA methylation,0.0642,1773,Unspecified,39604913
Radák Z; Aczél D; Fejes I; Mozaffaritabar S; Pavlik G; Komka Z; Balogh L; Babszki Z; Babszki G; Koltai E; McGreevy KM; Gordevicius J; Horvath S; Kerepesi C,2025,nutritional,DNA methylation,0.3,200,Unspecified,39601999
Libera L; Vanoli A; Sahnane N; Adnan M; Guerini C; Arpa G; Bianchi PI; Lenti MV; Corazza GR; La Rosa S; Di Sabatino A; Furlan D,2025,nutritional,DNA methylation,0.3,200,Unspecified,39601242
Casanova-Martín C; Liviu Boaru D; Fraile-Martinez O; Garcia-Montero C; De Leon-Oliva D; De Castro-Martinez P; Gimeno-Longas MJ; Bujan J; García-Honduvilla N; Guijarro LG; Gragera R; Lopez-Gonzalez L; Saez MA; Ferrara-Coppola C; Baena-Romero V; Diaz-Pedrero R; Alvarez-Mon M; Toledo-Lobo MV; Ortega MA,2025,behavioural,Other epigenetic marker,0.8,200,Unspecified,39600260
Cortez Cardoso Penha R; Sexton Oates A; Senkin S; Park HA; Atkins J; Holcatova I; Hornakova A; Savic S; Ognjanovic S; Świątkowska B; Lissowska J; Zaridze D; Mukeria A; Janout V; Chabrier A; Cahais V; Cuenin C; Scelo G; Foll M; Herceg Z; Brennan P; Smith-Byrne K; Alcala N; Mckay JD,2024,nutritional,Other epigenetic marker,0.3,200,Unspecified,39592856
Thacher JD; Snigireva A; Dauter UM; Delaval MN; Oudin A; Mattisson K; Sørensen M; Borgquist S; Albin M; Broberg K,2024,nutritional,DNA methylation,0.95,29,Unspecified,39587706
Spanoudaki M; Itziou A; Cheimaras A; Tsiripidis O; Risvas G; Tsitlakidou N; Balis V,2024,nutritional,Other epigenetic marker,0.3,200,Unspecified,39584911
Feng Y; Kang H; Sood A; Guest DD; Fung TT; Rowe CL; Picchi MA; Pankratz VS; Belinsky SA; Leng S,2025,nutritional,DNA methylation,0.0183,200,Unspecified,39571724
Bode HF; He L; Hjelmborg JVB; Kaprio J; Ollikainen M,2024,behavioural,DNA methylation,0.3,200,Unspecified,39558433
Zhao J; Sun YW; Chen KM; Aliaga C; Bisanz JE; El-Bayoumy K,2025,nutritional,Other epigenetic marker,0.3,200,Unspecified,39502024
García-Martínez JM; Chocarro-Calvo A; Martínez-Useros J; Regueira-Acebedo N; Fernández-Aceñero MJ; Muñoz A; Larriba MJ; García-Jiménez C,2024,nutritional,Histone modification,0.3,200,Unspecified,39494323
Ganesan S; Awan-Toor S; Guidez F; Maslah N; Rahimy R; Aoun C; Gou P; Guiguen C; Soret J; Ravdan O; Bisio V; Dulphy N; Lobry C; Schlageter MH; Souyri M; Giraudier S; Kiladjian JJ; Chomienne C; Cassinat B,2024,nutritional,Other epigenetic marker,0.3,200,Unspecified,39470742
Wang Y; Zhao Y; Zhang G; Lin Y; Fan C; Wei H; Chen S; Guan L; Liu K; Yu S; Fu L; Zhang J; Yuan Y; He J; Cai H,2024,nutritional,DNA methylation,0.67,200,Unspecified,39406840
Garma LD; Quintela-Fandino M,2024,behavioural,DNA methylation,0.3,200,Unspecified,39375688
Li Y; Xie T; Wang S; Yang L; Hao X; Wang Y; Hu X; Wang L; Li J; Ying J; Xing P,2024,nutritional,Other epigenetic marker,0.14,200,Unspecified,39353908
Liang W; Tao J; Cheng C; Sun H; Ye Z; Wu S; Guo Y; Zhang J; Chen Q; Liu D; Liu L; Tian H; Teng L; Zhong N; Fan JB; He J,2024,nutritional,DNA methylation,0.3,200,Unspecified,39341207
Zou R; Lu J; Bai X; Yang Y; Zhang S; Wu S; Tang Z; Li K; Hua X,2024,nutritional,DNA methylation,0.3,200,Unspecified,39340995
Gulei D; Moisoiu V; Kegyes D; Drula R; Iluta S; Tigu AB; Nistor M; Jitaru C; Bancos A; Rotariu P; Popovici C; Dima D; Tomai R; Rus I; Constantinescu C; Munteanu R; Cenariu D; Sezerman U; Zdrenghea M; Cermak J; Einsele H; Ghiaur G; Tomuleasa C,2024,nutritional,DNA methylation,0.3,200,Unspecified,39334509
Chang CW; Chin YH; Liu MS; Shen YC; Yan SJ,2024,nutritional,Chromatin remodeling,0.3,200,Unspecified,39261338
Aparecida Dos Santos France F; Maeda DK; Rodrigues AB; Ono M; Lopes Nogueira Marchetti F; Marchetti MM; Faustino Martins AC; Gomes RDS; Rainho CA,2024,nutritional,Histone modification,0.3,200,Unspecified,39255363
Moulton C; Grazioli E; Ibáñez-Cabellos JS; Murri A; Cerulli C; Silvestri M; Caporossi D; Pallardó FV; García-Giménez JL; Magno S; Rossi C; Duranti G; Mena-Molla S; Parisi A; Dimauro I,2024,behavioural,DNA methylation,0.3,200,Unspecified,39201283
Scirgolea C; Sottile R; De Luca M; Susana A; Carnevale S; Puccio S; Ferrari V; Lise V; Contarini G; Scarpa A; Scamardella E; Feno S; Camisaschi C; De Simone G; Basso G; Giuliano D; Mazza EMC; Gattinoni L; Roychoudhuri R; Voulaz E; Di Mitri D; Simonelli M; Losurdo A; Pozzi D; Tsui C; Kallies A; Timo S; Martano G; Barberis E; Manfredi M; Rescigno M; Jaillon S; Lugli E,2024,nutritional,Other epigenetic marker,0.3,200,Unspecified,39198631
Chen W; Ma C; Wang M; Huang X; Chen X; Xu Z; Huang W; Wang R; Zheng Z; Fang J; Shen Y; Zhao D; Zhang H,2024,nutritional,Other epigenetic marker,0.3,200,Unspecified,39190976
Li S; Guo Y; Yi L; Chen Y,2024,nutritional,Histone modification,0.3,200,Unspecified,39142553
Laun SE; Kann L; Braun J; Gilbert S; Lunz D; Pierre F; Kalra A; Ma K; Tsai HL; Wang H; Jit S; Cheng Y; Ahmed Y; Wang KK; Leggett CL; Cellini A; Ioffe OB; Zaidi AH; Omstead AN; Jobe B; Korman L; Cornish D; Zellenrath P; Spaander M; Kuipers E; Perpetua L; Greenwald BD; Maddala T; Meltzer SJ,2024,nutritional,DNA methylation,0.9,240,Unspecified,39140473
Tommasi S; Brocchieri L; Tornaletti S; Besaratinia A,2025,behavioural,DNA methylation,0.3,200,Unspecified,39133188
Mulvaney R; Pan Y; Zhao N; Teles F; Lu J; Platz EA; Kelsey KT; Michaud DS,2024,nutritional,DNA methylation,1.34,200,Unspecified,39093033
Szafron LA; Iwanicka-Nowicka R; Podgorska A; Bonna AM; Sobiczewski P; Kupryjanczyk J; Szafron LM,2024,nutritional,DNA methylation,0.3,200,Unspecified,39062774
Sun Q; Tian Q; Bravo Iniguez A; Sun X; Zhang H; Deavila J; Du M; Zhu MJ,2024,nutritional,DNA methylation,0.3,200,Unspecified,39062614
Murphy CC; Seif El Dahan K; Singal AG; Cirillo PM; Krigbaum NY; Cohn BA,2024,behavioural,Other epigenetic marker,0.15,14,Unspecified,39037384
Aglago EK; Qu C; Harlid S; Phipps AI; Steinfelder RS; Ogino S; Thomas CE; Hsu L; Toland AE; Brenner H; Berndt SI; Buchanan DD; Campbell PT; Cao Y; Chan AT; Drew DA; Figueiredo JC; French AJ; Gallinger S; Georgeson P; Giannakis M; Goode EL; Gruber SB; Gunter MJ; Harrison TA; Hoffmeister M; Huang WY; Hullar MA; Huyghe JR; Jenkins MA; Lynch BM; Moreno V; Murphy N; Newton CC; Nowak JA; Obón-Santacana M; Sun W; Ugai T; Um CY; Zaidi SH; Tsilidis KK; van Guelpen B; Peters U,2024,nutritional,Other epigenetic marker,0.95,200,Unspecified,39025327
Abbas SA; Hamzah IH,2024,nutritional,Other epigenetic marker,0.3,200,Unspecified,39001993
Aloufi A; Aubee J; Vargas KM; Apprey V; Thompson K; Copeland R; Kanaan Y; Ricks-Santi L; Brim H; Abbas M,2024,nutritional,miRNA,0.95,200,Unspecified,38945313
Kawakami S; Ninomiya R; Maeda Y,2024,nutritional,DNA methylation,0.3,200,Unspecified,38928040
Milbourn H; McCartney D; Richmond A; Campbell A; Flaig R; Robertson S; Fawns-Ritchie C; Hayward C; Marioni RE; McIntosh AM; Porteous DJ; Whalley HC; Sudlow C,2024,behavioural,DNA methylation,0.59,22,Unspecified,38908846
Liu Y; Fang S; Lin T; Chen W; Chen Y; Wang Y; Xiao X; Zheng H; Liu L; Zhou J; Jiang Y; Hua Q; Jiang Y,2024,behavioural,circRNA,0.3,200,Unspecified,38908277
Metayer C; Spector LG; Scheurer ME; Jeon S; Scott RJ; Takagi M; Clavel J; Manabe A; Ma X; Hailu EM; Lupo PJ; Urayama KY; Bonaventure A; Kato M; Meirhaeghe A; Chiang CWK; Morimoto LM; Wiemels JL,2024,nutritional,DNA methylation,0.3,200,Unspecified,38904462
Patel D; McElroy JP; Weng DY; Sahar K; Reisinger SA; Freudenheim JL; Wewers MD; Shields PG; Song MA,2024,behavioural,DNA methylation,0.61,200,Unspecified,38902313
Koukourikis P; Papaioannou M; Pervana S; Apostolidis A,2024,nutritional,DNA methylation,0.917,200,Unspecified,38891848
Fernandez-Sanjurjo M; Pinto-Hernandez P; Dávalos A; Díaz-Martínez ÁE; Martín-Hernández R; Castilla-Silgado J; Toyos-Rodríguez C; Whitham M; Amado-Rodríguez L; Muñiz-Albaiceta G; Terrados N; Fernández-García B; Iglesias-Gutiérrez E,2024,nutritional,miRNA,0.3,200,Unspecified,38874986
Li CZ; Haghani A; Yan Q; Lu AT; Zhang J; Fei Z; Ernst J; Yang XW; Gladyshev VN; Robeck TR; Chavez AS; Cook JA; Dunnum JL; Raj K; Seluanov A; Gorbunova V; Horvath S,2024,behavioural,DNA methylation,0.3,200,Unspecified,38848365
Liu Z; Zhang Q; Zhang H; Yi Z; Ma H; Wang X; Wang J; Liu Y; Zheng Y; Fang W; Huang P; Liu X,2024,nutritional,DNA methylation,0.3,18,Unspecified,38840170
Liao YN; Huang PQ; Pan H; Gai YZ; Zhan YF; Li SX; Nie HZ,2024,nutritional,DNA methylation,0.3,200,Unspecified,38805171
Tian S; Chen M,2024,nutritional,Other epigenetic marker,0.3,200,Unspecified,38803501
Rahman MM; Wu H; Tollefsbol TO,2024,nutritional,Other epigenetic marker,0.75,200,Unspecified,38802425
Zhou Y; Wang Q; Yin T; Zhao D; Zhou G; Sun X; Tan C; Zhou L; Yao S,2024,nutritional,DNA methylation,0.476,200,Unspecified,38775076
Su J; Lin X; Li D; Yang C; Lv S; Chen X; Yang X; Pan B; Xu R; Ren L; Zhang Y; Xie Y; Chen Q; Xia C,2024,nutritional,DNA methylation,0.3,200,Unspecified,38773738
Zhu T; Tong H; Du Z; Beck S; Teschendorff AE,2024,nutritional,DNA methylation,0.3,200,Unspecified,38760334
Dutta D; Sen A; Satagopan JM,2024,behavioural,DNA methylation,0.3,200,Unspecified,38751238
Qian F; Li Q; Chang H; Wei K; Chen X; Huang T; Li Y,2024,nutritional,DNA methylation,0.3,200,Unspecified,38730335
Gatenby RA; Luddy KA; Teer JK; Berglund A; Freischel AR; Carr RM; Lam AE; Pienta KJ; Amend SR; Austin RH; Hammarlund EU; Cleveland JL; Tsai KY; Brown JS,2024,nutritional,Other epigenetic marker,0.5,313,Unspecified,38704802
Peronace C; Cione E; Abrego-Guandique DM; Fazio M; Panduri G; Caroleo MC; Cannataro R; Minchella P,2024,nutritional,DNA methylation,0.75,200,Unspecified,38668267
Liang X; Aouizerat BE; So-Armah K; Cohen MH; Marconi VC; Xu K; Justice AC,2024,nutritional,DNA methylation,0.95,1917,Unspecified,38629454
Eltohami Y; Suleiman A,2024,nutritional,Other epigenetic marker,0.613,93,Unspecified,38622532
Xia G; Zhou G; Jiang W; Chu C; Wang L; Moorthy B,2024,nutritional,Other epigenetic marker,0.3,200,Unspecified,38612589
Murphy S; Rahmy S; Gan D; Liu G; Zhu Y; Manyak M; Duong L; He J; Schofield JH; Schafer ZT; Li J; Lu X; Lu X,2024,nutritional,Histone modification,0.3,200,Unspecified,38588411
D'Antona S; Porro D; Gallivanone F; Bertoli G,2024,behavioural,miRNA,0.7,200,Unspecified,38581999
Ding L; Cao S; Qu C; Wu Y; Yu S,2024,nutritional,DNA methylation,0.3,200,Unspecified,38573977
Vermeulen R; Bodinier B; Dagnino S; Wada R; Wang X; Silverman D; Albanes D; Freedman N; Rahman M; Bell D; Chadeau-Hyam M; Rothman N,2024,nutritional,DNA methylation,0.3,200,Unspecified,38554236
Herzog C; Jones A; Evans I; Raut JR; Zikan M; Cibula D; Wong A; Brenner H; Richmond RC; Widschwendter M,2024,behavioural,DNA methylation,0.3,200,Unspecified,38503267
Kurzava Kendall L; Ma Y; Yang T; Lubecka K; Stefanska B,2024,nutritional,DNA methylation,0.3,200,Unspecified,38474826
Ghezzi AC; Passos GR; de Oliveira MG; Oliveira AL; Assis-Mendonça GR; de Mello GC; Antunes E; Monica FZ,2024,nutritional,Histone modification,0.3,200,Unspecified,38452757
Plonski NM; Pan Y; Chen C; Dong Q; Zhang X; Song N; Shelton K; Easton J; Mulder H; Zhang J; Neale G; Walker E; Wang H; Webster R; Brinkman T; Krull KR; Armstrong GT; Ness KK; Hudson MM; Li Q; Huang IC; Wang Z,2024,behavioural,DNA methylation,0.95,32,Unspecified,38445706
Zhao S; Xiao M; Li L; Zhang H; Shan M; Cui S; Zhang L; Zhang G; Wu S; Jin C; Yang J; Lu X,2024,behavioural,miRNA,0.3,200,Unspecified,38438030
Pal S; Kabeer SW; Sharma S; Tikoo K,2024,nutritional,DNA methylation,0.3,200,Unspecified,38367245
Bulut O; Temba GS; Koeken VACM; Moorlag SJCFM; de Bree LCJ; Mourits VP; Kullaya VI; Jaeger M; Qi C; Riksen NP; Domínguez-Andrés J; Xu CJ; Joosten LAB; Li Y; de Mast Q; Netea MG,2024,nutritional,DNA methylation,0.3,200,Unspecified,38364983
Bostanci E; Kirkik D; Kalkanli Tas S; Uyeturk U,2024,nutritional,Other epigenetic marker,0.3,200,Unspecified,38305254
Salma F; Yassire O; Youssef B; Corinne D; Ameziane El Hassani R,2024,nutritional,Chromatin remodeling,0.3,200,Unspecified,38302242
Lismer A; Shao X; Dumargne MC; Lafleur C; Lambrot R; Chan D; Toft G; Bonde JP; MacFarlane AJ; Bornman R; Aneck-Hahn N; Patrick S; Bailey JM; de Jager C; Dumeaux V; Trasler JM; Kimmins S,2024,nutritional,DNA methylation,0.3,870,Unspecified,38294233
Qu Y; Zhang X; Qiao R; Di F; Song Y; Wang J; Ji L; Zhang J; Gu W; Fang Y; Han B; Yang R; Dai L; Ouyang S,2024,nutritional,DNA methylation,0.3,2548,Unspecified,38273401
Han E; Van Horn L; Snetselaar L; Shepherd JA; Park YJ; Kim H; Jung S; Dorgan JF,2024,nutritional,Other epigenetic marker,0.3,200,Unspecified,38270539
Ekanayake Weeramange C; Tang KD; Irwin D; Hartel G; Langton-Lockton J; Ladwa R; Kenny L; Taheri T; Whitfield B; Vasani S; Punyadeera C,2024,nutritional,DNA methylation,0.3,200,Unspecified,38270218
Ma H; Yang L; Liang Y; Liu F; Hu J; Zhang R; Li Y; Yuan L; Feng F,2024,nutritional,Histone modification,0.3,200,Unspecified,38270111
Yang L; Peery RC; Farmer LM; Gao X; Zhang Y; Creighton CJ; Zhang L; Shen L,2024,nutritional,DNA methylation,0.3,200,Unspecified,38259096
Hong JY; Han JH; Jeong SH; Kwak C; Kim HH; Jeong CW,2024,behavioural,Other epigenetic marker,0.774,200,Unspecified,38200428
Liu S; Costa M; Ortiz A,2024,nutritional,Other epigenetic marker,0.3,200,Unspecified,38199052
Hoang TT; Lee Y; McCartney DL; Kersten ETG; Page CM; Hulls PM; Lee M; Walker RM; Breeze CE; Bennett BD; Burkholder AB; Ward J; Brantsæter AL; Caspersen IH; Motsinger-Reif AA; Richards M; White JD; Zhao S; Richmond RC; Magnus MC; BIOS Consortium; Koppelman GH; Evans KL; Marioni RE; Håberg SE; London SJ,2024,nutritional,DNA methylation,0.5,200,Unspecified,38199042
Agudelo MC; Agudelo S; Lorincz A; Ramírez AT; Castañeda KM; Garcés-Palacio I; Zea AH; Piyathilake C; Sanchez GI,2024,nutritional,DNA methylation,0.95,155,Unspecified,38129362
Gallardo-Gómez M; Costas-Ríos L; Garcia-Prieto CA; Álvarez-Rodríguez L; Bujanda L; Barrero M; Castells A; Balaguer F; Jover R; Esteller M; Tardío Baiges A; González-Carreró Fojón J; Cubiella J; De Chiara L,2024,nutritional,DNA methylation,0.914,200,Unspecified,38129291
Kadowaki H; Akazawa H; Shindo A; Ueda T; Ishida J; Komuro I,2024,behavioural,Other epigenetic marker,0.3,200,Unspecified,38092383
Pelland-St-Pierre L; Pham MC; Nguyen AQH; Pasquet R; Taylor SA; Bosson-Rieutort D; Koushik A; Ho V,2024,behavioural,DNA methylation,0.3,200,Unspecified,38051301
Slowly M; Domingo-Relloso A; Santella RM; Haack K; Fallin DM; Terry MB; Rhoades DA; Herreros-Martinez M; Garcia-Esquinas E; Cole SA; Tellez-Plaza M; Navas-Acien A; Wu HC,2024,nutritional,DNA methylation,0.95,21,Unspecified,38010586
Hanlon MA; Gulati R; Johnston M; Fleifil Y; Rivas M; Timchenko NA,2024,nutritional,Other epigenetic marker,0.3,200,Unspecified,37967813
Roy P; Kandel R; Sawant N; Singh KP,2024,nutritional,DNA methylation,0.3,200,Unspecified,37858609
Tahara S; Tahara T; Yamazaki J; Shijimaya T; Horiguchi N; Funasaka K; Fukui T; Nakagawa Y; Shibata T; Naganuma M; Tsukamoto T; Ohmiya N,2024,nutritional,DNA methylation,0.3,200,Unspecified,37846801
Li W; Zhou C; Yu L; Hou Z; Liu H; Kong L; Xu Y; He J; Lan J; Ou Q; Fang Y; Lu Z; Wu X; Pan Z; Peng J; Lin J,2024,nutritional,Histone modification,0.3,200,Unspecified,37615625
